{"rate": {"0": 1366.4725099090927}, "diff": {"0": -2.46}, "diff7d": {"0": 10.95}, "ts": {"0": 1612023544}, "marketCapUsd": {"0": 0}, "availableSupply": {"0": 0}, "volume24h": {"0": 1047520748.8913103}, "diff30d": {"0": 84.12727178372}, "volDiff1": {"0": -23.361209158791112}, "volDiff7": {"0": 9.209622846710275}, "volDiff30": {"0": 218.17296592066884}}